New Phone 2010,$356.00
New Phone 2011,$568.00
New Phone 2012,$667.00
New Phone 2013,$532.00
New Phone 2014,$223.00
New Phone 2015,$535.00
New Phone 2016,$665.00
New Phone 2017,$554.00
New Phone 2018,$765.00
New Phone 2019,$567.00
New Phone 2010,$765.00
New Phone 2020,$654.00
Phone Plus Ultra 2011,$444.00
Phone Plus Ultra 2012,$355.00
Phone Plus Ultra 2013,$355.00
Phone Plus Ultra 2014,$436.00
Phone Plus Ultra 2015,$234.00
Phone Plus Ultra 2016,$675.00
Phone Plus Ultra 2017,$234.00
Phone Plus Ultra 2018,$234.00
Phone Plus Ultra 2019,$547.00
Phone Plus Ultra 2020,$325.00
Phone Plus Ultra 2021,$234.00
Phone Plus Ultra 2022,$346.00
Phone Premium Plus 2001,$515.00
Phone Premium Plus 2002,$234.00
Phone Premium Plus 200,$345.00
Phone Premium Plus 2004,$235.00
Phone Premium Plus 2005,$235.00
Phone Premium Plus 2006,$634.00
Phone Premium Plus 2007,$234.00
Phone Premium Plus 2008,$346.00
Phone Premium Plus 2009,$363.00
Phone Premium Plus 2010,$312.00
Phone Premium Plus 2011,$424.00
Phone Premium Plus 2000,$466.00
Brand Phone 2003,$546.00
Brand Phone 2004,$123.00
Brand Phone 2005,$123.00
Brand Phone 2006,$653.00
Brand Phone 2007,$123.00
Brand Phone 2008,$234.00
Brand Phone 2009,$253.00
Brand Phone 20010,$126.00
Brand Phone 20011,$643.00
Brand Phone 2000,$364.00
Brand Phone 2001,$234.00
Brand Phone 2002,$366.00
Phony Phone 2016,$234.00
Phony Phone 2015,$325.00
Phony Phone 2014,$264.00
Phony Phone 2013,$654.00
Phony Phone 2012,$346.00
Phony Phone 2011,$123.00
Phony Phone 2010,$125.00
Phony Phone 2009,$345.00
Phony Phone 2008,$345.00
Phony Phone 2019,$364.00
Phony Phone 2018,$634.00
Phony Phone 2017,$234.00
